title,author
Empires of the Monsoon,Richard Hall
The Gap Into Madness,Stephen R. Donaldson
Miss Marple,Agatha Christie
'Tis,Frank McCourt
A Small Pinch of Weather,Joan Aiken
Tree and Leaf,John Ronald Reuel Tolkien
"The Lord of the Rings, the Return of the King",Jude Fisher
The Lord of the Rings,Gary Russell
Lirael,Garth Nix
Breaking Open the Head,Daniel Pinchbeck
The Return of the King,J. R. R. Tolkien
Poirot,Agatha Christie
Discover Your Destiny with the Monk Who Sold His Ferrari,Robin Sharma
Naked Lunch,William S. Burroughs
The Love of the Last Tycoon,F. Scott Fitzgerald
Where the Red Fern Grows,Wilson Rawls
Going Postal,Terry Pratchett
Modern Mind,Peter Watson
Identity,Milan Kundera
The Illustrated Alchemist,Paulo Coelho;Alan R. Clarke;Moebius
The Secret Garden Cookbook,Amy Cotler
Laura's Album,William Anderson
Small Wonder,Barbara Kingsolver
Worlds Enough & Time,Dan Simmons
Caesar,Colleen McCullough
What Went Wrong?,Bernard Lewis
Letters from the Earth,Mark Twain
The Innovator's Dilemma,Clayton M. Christensen
Warrior of the Light,Paulo Coelho
The Devil and Miss Prym,Paulo Coelho
The Big Bing,Stanley Bing
Walt Whitman,Justin Kaplan
How to Make Love Like a Porn Star,Jenna Jameson;Neil Strauss
1421,Gavin Menzies
The Girls of Lighthouse Lane #3,Thomas Kinkade;Erika Tamar
The Game,Neil Strauss
Gold,Isaac Asimov
Built to Last,Jim Collins;Jerry I. Porras
Slouching Toward Nirvana,Charles Bukowski
Bad Childhood---Good Life,Laura Schlessinger
Slider,Patrick Robinson
Eleven Minutes,Paulo Coelho
Zen and the Art of Motorcycle Maintenance,Robert M. Pirsig
A Dirty Job,Christopher Moore
Quicksilver,Neal Stephenson
Lost Horizon,James Hilton
Thomas Jefferson,Christopher Hitchens
Shadow of the Almighty,Elisabeth Elliot
C.S. Lewis,C. S. Lewis
"The Collected Letters of C.S. Lewis, Volume 1",C. S. Lewis
Touching the Void,Joe Simpson
Anybody Out There?,Marian Keyes
The Confusion,Neal Stephenson
Behind the Curtain,Peter Abrahams
Wicked Musical Tie-in Edition,Gregory Maguire
Beauty,Robin McKinley
Mating in Captivity,Esther Perel
The Reading Group,Elizabeth Noble
YOU: The Owner's Manual,Michael F Roizen;Mehmet C Oz
The Final Solution,Michael Chabon
Holy Skirts,Rene Steinke
A False Mirror,Charles Todd
Mysteries of Pittsburgh,Michael Chabon
Everything Is Illuminated tie-in,Jonathan Safran Foer
Flight of the Nighthawks,Raymond E. Feist
Into a Dark Realm,Raymond E. Feist
Voice of the Gods,Trudi Canavan
"The Collected Letters of C.S. Lewis, Volume 3",C. S. Lewis
King of the Vagabonds,Neal Stephenson
Odalisque,Neal Stephenson
Black Boy,Richard Wright
Rat Bastards,John Shea
The Last Days of Henry VIII,Robert Hutchinson
The Professor and the Madman,Simon Winchester
The Curtain,Milan Kundera
"A Hard Day's Write, 3e",Steve Turner
Queen of Babble,Meg Cabot
Genome,Matt Ridley
The Zero,Jess Walter
Teaching a Stone to Talk,Annie Dillard
The Dance of Intimacy,Harriet Lerner
The Lost Continent,Bill Bryson
Declarations of Independence,Howard Zinn
The Infinite Plan,Isabel Allende
Slowness,Milan Kundera
As Nature Made Him,John Colapinto
The Poisonwood Bible,Barbara Kingsolver
Cloudsplitter,Russell Banks
"Plato, Not Prozac!",Lou Marinoff
The Map That Changed the World,Simon Winchester;Soun Vannithone
A Mulligan for Bobby Jobe,Robert Cullen
In the Footsteps of Mr. Kurtz,Michela Wrong
Every Tongue Got to Confess,Zora Neale Hurston
One Matchless Time,Jay Parini
The Schopenhauer Cure,Irvin Yalom
African Nights,Kuki Gallmann
Beauty,John O'Donohue
The Darling,Russell Banks
The Language Instinct,Steven Pinker
Prodigal Summer,Barbara Kingsolver
Fear of Falling,Barbara Ehrenreich
Savage Inequalities,Jonathan Kozol
Reasons to Live,Amy Hempel
Courtesans and Fishcakes,James Davidson
Confessions of an Ugly Stepsister,Gregory Maguire
The Dirt,Tommy Lee;Vince Neil;Nikki Sixx;Mick Mars
Well of Darkness,Margaret Weis;Tracy Hickman
Realms of Dragons,Margaret Weis;Denise Little;Tracy Hickman
Peril's Gate,Janny Wurts
Cat on the Edge,Shirley Rousseau Murphy
Cat in the Dark,Shirley Rousseau Murphy
Imajica II,Clive Barker
By the River Piedra I Sat Down and Wept,Paulo Coelho
Veronika Decides to Die,Paulo Coelho
Days,Paul Bowles
Howl,Allen Ginsberg;Barry Miles
When the Heart Waits,Sue Monk Kidd
My secret,Frank Warren
The End of Days,Zecharia Sitchin
Owning Your Own Shadow,Robert A. Johnson
Rainforest Home Remedies,Rosita Arvigo;Nadine Epstein
Bulfinch's Mythology,Richard P. Martin
The Wish Giver,Bill Brittain
Child of the Owl,Laurence Yep
Dragon's Gate,Laurence Yep
American Dragons,Laurence Yep
Old Town in the Green Groves,Cynthia Rylant;Jim LaMarche
My Little House Crafts Book,Carolyn Strom Collins
Crucial Conversations,Kerry Patterson;Joseph Grenny;Ron McMillan;Al Switzler
Slim to None,Jennifer Hendricks
The Last Dance,Lynne Ann DeSpelder;Albert Lee Strickland
Who Moved My Cheese?,Spencer Johnson
The Toy Maker,Anthony McReavy
"""Surely You're Joking, Mr. Feynman!""",Richard Phillips Feynman;Ralph Leighton
Blood and Gold,Anne Rice
Bagombo Snuff Box,Kurt Vonnegut
Operation Shylock,Philip Roth
Fury,Salman Rushdie
Yeats is Dead!,Joseph O'Connor
The Gangs of New York,Herbert Asbury
Elephant,Raymond Carver
Underground,Haruki Murakami
Java,Walter J. Savitch
Astronomy,Eric Chaisson;Stephen McMillan
The Visual Arts,Hugh Honour;John Fleming
Three Genres,Stephen Minot
Love's Executioner,Irvin D. Yalom
Chickenhawk - Back in the World,Robert Mason
Ludwig Wittgenstein,Ray Monk
North of South,Shiva Naipaul
The Beloved,Kahlil Gibran;John Walbridge
Who are You?,Malcolm Godwin
Palimpsest,Gore Vidal
Existentialists and Mystics,Iris Murdoch
Difficult Conversations,Douglas Stone;Bruce Patton;Sheila Heen
The Farming of Bones,Edwidge Danticat
Wanderlust,Rebecca Solnit
Hunger,Lan Samantha Chang
Pleasing Myself,Frank Kermode
World's End,T. Coraghessan Boyle
Descent of Man,T. Coraghessan Boyle
Budding Prospects,T. Coraghessan Boyle
Seventeen & In-Between,Barthe DeClements
The Birth of Tragedy,Friedrich Nietzsche
Three Men in a Boat,Jerome Klapka Jerome
The Wasps,Aristophanes
Cousin Pons,Honore Balzac
Phaedrus,Plato
Either/Or,Soren Kierkegaard
Democracy in America,Alexis Tocqueville;Gerald Bevan;Isaac Kramnick
Critical Studies,Kathleen Parkinson
Bridget Jones's Diary,Helen Fielding
In the Heart of the Sea,Nathaniel Philbrick
Door Wide Open,Jack Kerouac
The Fabric of the Cosmos,Brian Greene
Stupid White Men,Michael Moore
"Speak, Memory",Vladimir Nabokov;Vladimir Vladimirovich Nabokov
Orwell in Spain,George Orwell
Answered Prayers,Truman Capote
Boy,Roald Dahl
Salt,Mark Kurlansky
The Eyre Affair,Jasper Fforde
Word Freak,Stefan Fatsis
When the Elephants Dance,Tess Uriza Holthe
The Blank Slate,Steven Pinker
The Classic Ten,Nancy MacDonell Smith;Nancy MacDonell
I Should be Extremely Happy in Your Company,Brian Hall
River of Shadows,Rebecca Solnit
Triss,Brian Jacques;David Elliot
Firebirds,Sharyn November
The BFG,Roald Dahl;David Wood;Jane Walmsley
Riot,Shashi Tharoor
Democracy Matters,Cornel West
Windblown World,Jack Kerouac;Douglas Brinkley
The United States of Europe,T. R. Reid
Grammar Snobs are Great Big Meanies,June Casagrande
Bargaining for Advantage,G. Richard Shell
The Big Over Easy,Jasper Fforde
Homegrown Democrat,Garrison Keillor
Let My People Go Surfing,Yvon Chouinard
The White Man's Burden,William Easterly
The Tale of Genji,Murasaki Shikibu
Black Lamb and Grey Falcon,Rebecca West
Janet Flanner's world,Janet Flanner;Irving Drutman
The Hundred Dresses,Eleanor Estes
Beauty Shop for Rent,Laura Bowers
Winterdance,Gary Paulsen
A Writer's Diary,Virginia Woolf;Leonard Woolf
Mrs. Dalloway's Party,Virginia Woolf;Stella McNichol
The Female of the Species,Joyce Carol Oates
Virginia Woolf,Julia Briggs
Diary Of Virginia Woolf Volume 5,Virginia Woolf
Orlando,Virginia Woolf;Adeline Virginia Stephen Woolf
The First Philosophers,Robin Waterfield
The Castle of Otranto,Horace Walpole
Hans Andersen's Fairy Tales,Hans Christian Andersen
A Sentimental Education,Gustave Flaubert
The Confidence-man,Herman Melville
The Admirable Crichton ; Peter Pan ; When Wendy Grew Up ; What Every Woman Knows ; Mary Rose,James Matthew Barrie
La chartreuse de Parme,Jm Stendhal
Albion's Seed,David Hackett Fischer
Notebooks of the Mind,Vera John-Steiner
Masters of Small Worlds,Stephanie McCurry
Ride of the Second Horseman,Robert L. O'Connell
Manic-Depressive Illness,Frederick K. Goodwin;Kay Redfield Jamison
Philosophy of Mind,David John Chalmers
Norse Mythology,John Lindow
Introduction to Philosophy,John Perry;Michael Bratman;John Martin Fischer
Strategies of Containment,John Lewis Gaddis
Acts of God,Ted Steinberg
Contemporary Political Philosophy,Will Kymlicka
The Church in Ancient Society,Henry Chadwick
East and West: The Making of a Rift in the Church,Henry Chadwick
Plato's Symposium,Plato;Seth Benardete
Lost Prophet,John D'Emilio
"History of Religious Ideas, Volume 3",Mircea Eliade
"Love, Sex & Tragedy",Simon Goldhill
Oresteia,Esquilo;Aeschylus
Euripides I,Euripides
Aeschylus: The suppliant maidens,Aeschylus;David Grene
Heat Wave,Eric Klinenberg
Moral Politics,George Lakoff
A Dance to the Music of Time,Anthony Powell
Poems Between Women,Emma Donoghue
Antigone's Claim,Judith Butler
William Faulkner,Nicolas Tredell
More Than You Know,Michael J. Mauboussin
Dante's Vita Nuova,Alighieri Dante;Dante Alighieri
Marketing and the Bottom Line,Tim Ambler
"Traders, Guns & Money",Satyajit Das
The Heights of Courage,Avigdor Kahalani
C. S. Lewis,Bruce L. Edwards
The Lost World of Agharti,Alec Maclellan
Zero,Charles Seife
Long Day's Journey,Carlos A. Schwantes
Leonardo on Painting,Leonardo
Marcel Proust,William C. Carter
How Democratic is the American Constitution?,Robert A. Dahl
Cuba,Richard Gott
Hemingway,Jeffrey Meyers
Unsung Heroes of Rock 'n' Roll,Nick Tosches
Johnny Cash,Michael Streissguth
23 Days in July,John Wilcockson
The Deeper Meaning of Liff,Douglas Adams;John Lloyd
The Best of Wodehouse,Pelham Grenville Wodehouse
Buried Child,Sam Shepard
If Beale Street Could Talk,James Baldwin
Robert Langdon Novels,Dan Brown
The Sunset Limited,Cormac McCarthy
A Walk in the Woods,Bill Bryson
Cesar's Way,Cesar Millan;Melissa Jo Peltier
"Small Bites, Big Nights",Govind Armstrong;Ann Wycoff;Alison Clare Steingold
Why Do Men Fall Asleep After Sex?,Mark Leyner;Billy Goldberg
Everyday Pasta,Giada De Laurentiis
Dreams from My Father,Barack Obama
The Church on the Other Side,Brian D. McLaren
The Church in Emerging Culture,Andy Crouch
Becoming a Contagious Christian,Mark Mittelberg;Lee Strobel;Bill Hybels
Journey into God's Word,J. Scott Duvall;J. Daniel Hays
Velvet Elvis,Rob Bell
The Awakening,Kate Chopin
The Great Ape Project,Paola Cavalieri;Peter Singer
White Man's Grave,Richard Dooling
Isak Dinesen,Judith Thurman
Four Weddings and a Funeral,Richard Curtis
From Bondage,Henry Roth
Mary Queen of Scotland & The Isles,Margaret George
The Communist Manifesto: Marx,John Toews
Human Croquet,Kate Atkinson
The Autobiography of Henry VIII,Margaret George
One Thousand White Women,Jim Fergus
Requiem for Harlem,Henry Roth
"James Tiptree, Jr.",Julie Phillips
Birds of America,Lorrie Moore
And The Band Played on,Randy Shilts
We Wish to Inform You That Tomorrow We Will Be Killed with Our Families,Philip Gourevitch
Death in Kashmir,M. M. Kaye
Four Mothers,Shifra Horn;Dalya Bilu
Timbuktu,Paul Auster
The Naked and the Dead,Norman Mailer
Enchanted Evening,M. M. Kaye
The Satanic Verses,Salman Rushdie
Absent in the Spring and Other Novels,Mary Westmacott;Agatha Christie
An Unfortunate Woman,Richard Brautigan
The Glass Bead Game,Hermann Hesse
Emotionally Weird,Kate Atkinson
A Writer's Workbook,Caroline Sharp;Elizabeth Gilbert
Waiting for My Cats to Die,Stacy Horn
Serious Girls,Maxine Swann
Education As My Agenda,Gertrude S. Williams;Jo Ann Robinson
The Last Jew,Noah Gordon
How to Write a Damn Good Mystery,James N. Frey
Jenny and the Jaws of Life,Jincy Willett
McCarthy's Bar,Pete McCarthy
The Pythons,Graham Chapman;John Cleese;Terry Gilliam;Michael Palin;Eric Idle;Terry Jones
The Little Princesses,Marion Crawford
The New York Times Guide to Essential Knowledge,The New York Times
Little Children,Tom Perrotta
The Gatekeeper,Terry Eagleton
Dominion,Matthew Scully
Spider Mountain,P. T. Deutermann
Where the Mountain Casts Its Shadow,Maria Coffey
Sideways,Rex Pickett
The Last Wife of Henry VIII,Carolly Erickson
The Red Tent,Anita Diamant
The Silver Pigs,Lindsey Davis
Marked,P. C. Cast;Kristin Cast
More Plums in One,Janet Evanovich
Beatrix Potter,Linda Lear
The Twenty-Seventh City,Jonathan Franzen
"Haussmann, Or the Distinction",Paul LaFarge
The Journey to the East,Hermann Hesse
Middlesex,Jeffrey Eugenides
The Interpreter,Suki Kim
Hand to Mouth,Paul Auster
A Feather on the Breath of God,Sigrid Nunez
Galatea 2.2,Richard Powers
The River at the Center of the World,Simon Winchester
Primo Levi,Ian Thomson
A Home at the End of the World,Michael Cunningham
I Am Charlotte Simmons,Tom Wolfe
Small Island,Andrea Levy
Collected Prose,Paul Auster
Saints at the River,Ron Rash
Vita,Melania G. Mazzucco
Night Draws Near,Anthony Shadid
A Woman in Berlin,Anonymous
The Brooklyn Follies,Paul Auster
The Price of the Ticket,James Baldwin
Xenocide,Orson Scott Card
"The Demon Princes, Vol. 2",Jack Vance
Jack of Kinrowan,Charles de Lint
The Land of Laughs,Jonathan Carroll
Tales of the Dying Earth,Jack Vance
Duel,Richard Matheson
Sword & Citadel,Gene Wolfe
Pacific Edge,Kim Stanley Robinson
Devil's Backbone,Terry C. Johnston
Name Dropping,Rachael F. Heller
Seven Up,Janet Evanovich
Warlock,Wilbur Smith
True Believers,Jane Haddam
Hard Eight,Janet Evanovich
Robert Ludlum's The Moscow Vector,Robert Ludlum;Patrick Larkin
The Fantastic Vampire,James Craig Holte
From Hinton to Hamlet,Sarah K. Herz;Donald R. Gallo
Oblivion,David Foster Wallace
The Beatles,Bob Spitz
The Terror,Dan Simmons
Hollywood Station,Joseph Wambaugh
Consider the Lobster,David Foster Wallace
Blink,Malcolm Gladwell
Paint it Black,Janet Fitch
White Oleander,Janet Fitch
Midnight Riders,Scott Freeman
The Black Veil,Rick Moody
"Harry Bosch Novels, The: Volume 2",Michael Connelly
The Ice Storm,Rick Moody
Strangers from a Different Shore,Ronald Takaki
An Unfinished Life,Robert Dallek
Gossip Girl #3: All I Want is Everything,Cecily von Ziegesar
A Supposedly Fun Thing I'll Never Do Again,David Foster Wallace
Don't Stop the Carnival,Herman Wouk
American Government,Karen O'Connor;Larry Sabato
Essentials of American Government,Karen O'Connor;Larry J. Sabato
Don't Make Me Think!,Steve Krug
The Power of One,Louis E. Catron
An Unquiet Mind,Kay Redfield Jamison
Bridget Jones,Helen Fielding
Hot Six,Janet Evanovich
Bosnia,Noel Malcolm
Under the Banner of Heaven,Jon Krakauer
Chasing the Monsoon,Alexander Frater
City on the Seine,Andrew P. Trout
How the Irish Saved Civilization,Thomas Cahill
On Writing,Stephen King
The Fellowship of the Ring,John Ronald Reuel Tolkien
Douglas Adams's Starship Titanic,Terry Jones
The Mantle of Kendis-Dai,Margaret Weis;Tracy Hickman
The Princess Bride,William Goldman
Merrick,Anne Rice
Nightsword,Margaret Weis;Tracy Hickman
The Genome War,James Shreeve
The Analects of Confucius,Confucius;Roger T. Ames;Henry Rosemont
The Real James Herriot,James Wight;Jim Wight
Henry VIII,Alison Weir
The Courtesan,Susan Carroll
My Movie Business,John Irving
Time to Be in Earnest,P. D. James
A Stroke of Midnight,Laurell K. Hamilton
Edge of Victory II,Greg Keyes
Boogaloo on 2nd Avenue,Mark Kurlansky
Star Wars,Daniel Wallace
Star Wars,W. Haden Blackman
Clay's Quilt,Silas House
Shadow Dance,Julie Garwood
1968,Mark Kurlansky
The Vampire Chronicles Collection,Anne Rice
Tales Before Tolkien,Douglas A. Anderson
To The Last Man,Jeff Shaara
Yoda,Sean Stewart
Perfect Nightmare,John Saul
Oh My Stars,Lorna Landvik
The Amateur Marriage,Anne Tyler
Star Wars,James Luceno
The Guns of August,Barbara Wertheim Tuchman
Wish You Were Here,Nick Webb
Vanish,Tess Gerritsen
Darth Bane,Drew Karpyshyn
Star Wars,Timothy Zahn
Star Wars,Ann Margaret Lewis;Helen Keier
Tsubasa,CLAMP (Mangaka group)
Trump,Donald Trump
Ego & Hubris,Harvey Pekar
The Coal Tattoo,Silas House
Candy Licker,Noire
The Devil's Labyrinth,John Saul
Star Wars Republic Commando,Karen Traviss
The Plague Dogs,Richard Adams
The Making of Star Wars,J. W. Rinzler
Hitler's Willing Executioners,Daniel Jonah Goldhagen
The Tipping Point,Malcolm Gladwell
Aldous Huxley,Nicholas Murray
The MacGregors,Nora Roberts
"And the Envelope, Please...",Barbara Bretton;Emilie Rose;Isabel Sharpe
Seven Sunny Days,Chris Manby
The Echo Maker,Richard Powers
Sylvia,Leonard Michaels
The World Is Flat [Updated and Expanded],Thomas L. Friedman
The Discomfort Zone,Jonathan Franzen
Satan in Goray,Isaac Bashevis Singer
The Spirit Level,Seamus Heaney
The Artist of the Missing,Paul LaFarge
The Magic Barrel,Bernard Malamud
The Eclogues of Virgil,Virgil
The Oresteia of Aeschylus,Aeschylus;Ted Hughes
The Brothers Karamazov,Fyodor Dostoevsky
"Get Out of My Life, But First Could You Drive Me & Cheryl to the Mall",Anthony E. Wolf
Crescent and Star,Stephen Kinzer
The Fixer,Bernard Malamud
Play It As It Lays,Joan Didion
Gimpel the Fool,Isaac Bashevis Singer
Martin and John,Dale Peck
Sophie's World,Jostein Gaarder
Ralph Ellison,Arnold Rampersad
Cliffs of Despair,Tom Hunt
In Cold Blood,Truman Capote
Shakespeare's Kitchen,Francine Segan
The Amen Corner,James Baldwin
Melville,Andrew Delbanco
Maximum City,Suketu Mehta
White Teeth,Zadie Smith
The Autograph Man,Zadie Smith
Sons of Mississippi,Paul Hendrickson
Founding Brothers,Joseph J. Ellis
Crucible of War,Fred Anderson
The Working Poor,David K. Shipler
Masters of Death,Richard Rhodes
De Kooning,Mark Stevens;Annalyn Swan
John James Audubon,Richard Rhodes
Mediterranean Winter,Robert D. Kaplan
Manufacturing Consent,Edward S. Herman;Noam Chomsky
Mythology,Alex Ross
Peanuts,Charles M. Schulz
Ghostwritten,David Mitchell
Theatre,William Somerset Maugham
The bridegroom,Ha Jin
Stranger in the Forest,Eric Hansen
Double Fold,Nicholson Baker
Julian,Gore Vidal
"Salonica, City of Ghosts",Mark Mazower
Sailing Alone Around the Room,Billy Collins
The Trouble With Poetry,Billy Collins
Pipe Dream,Solomon Jones
Comfort Me With Apples,Ruth Reichl
The Botany of Desire,Michael Pollan
Savage Beauty,Nancy Milford
The Survivor,John F. Harris
The Truth About The Drug Companies,Marcia Angell
"Junie B., First Grader",Barbara Park
Ancient Greece and the Olympics,Mary Pope Osborne;Natalie Pope Boyce
Young Warriors,Tamora Pierce;Josepha Sherman
Tsunamis and Other Natural Disasters,Mary Pope Osborne;Natalie Pope Boyce
Naomi and Ely's No Kiss List,Rachel Cohn;David Levithan
Laura,Donald Zochert
Neither Here Nor There:,Bill Bryson
Killing Time,Cynthia Harrod-Eagles
Anne Frank,Johanna Hurwitz
Smoke and Mirrors,Neil Gaiman
Sins of a Shaker Summer,Deborah Woodworth
Exile's Return,Raymond E. Feist
The Great Book of Amber,Roger Zelazny
Lamb,Christopher Moore
The Body in the Lighthouse,Katherine Hall Page
Trials of Tears,John Ehle
Shakespeare A to Z,Charles Boyce;David Allen White
The Outlandish Companion,Diana Gabaldon
Black and Blue,Anna Quindlen
Intuition,Allegra Goodman
The Art of Alfred Hitchcock,Donald Spoto;Donald Spoto
The Art of Alfred Hitchcock,M.A.
The Art of Alfred Hitchcock,Ph.D.
The Art of the Personal Essay,Phillip Lopate
Like Water for Chocolate,Laura Esquivel
Marie Antoinette,Antonia Fraser
Fermat's Enigma,Simon Singh
The Mating Mind,Geoffrey Miller
The Code Book,Simon Singh
Sailing the Wine-Dark Sea,Thomas Cahill
Thumbsucker,Walter Kirn
Waterfront,Phillip Lopate
Moral Disorder,Margaret Atwood
The French Kitchen,Joanne Harris;Fran Warde
Oryx and Crake,Margaret Atwood
Atonement,Ian McEwan
Man Walks Into a Room,Nicole Krauss
In the Beginning,Alister E. McGrath
Ella Minnow Pea,Mark Dunn
Forever in Blue,Ann Brashares
Anatomy of a Boyfriend,Daria Snadowsky
What Einstein Told His Cook,Robert L. Wolke;Marlene Parrish
The Annotated Huckleberry Finn,Mark Twain
The Confident Child,T. E. Apter
Will in the World,Stephen Greenblatt;Stephen Jay Greenblatt
The Annotated Christmas Carol,Charles Dickens
Redemption,Steven G. Kellman
"Power, Faith, and Fantasy",Michael B. Oren
Six Frigates,Ian W. Toll
The 9/11 Commission Report,National Commission on Terrorist Attacks upon the United States
Coach,Michael M. Lewis
Will Eisner's New York,Will Eisner
IWoz,Steve Wozniak;Gina Smith
The Making of the Fittest,Sean B. Carroll
The Richness of Life,Stephen Jay Gould
Eight Little Piggies,Stephen Jay Gould
Black Holes and Time Warps,Kip Thorne;Kip S. Thorne;Stephen Hawking
"""What Do You Care what Other People Think?""",Richard Phillips Feynman;Ralph Leighton
Police Brutality,Jill Nelson
Living on the Razor's Edge,Matthew D. Selekman
Paradise Lost,John Milton
A History of Modern Europe,John M. Merriman
Born in Blood and Fire,John Charles Chasteen
The Turn of the Screw,Henry James;Deborah Esch;Jonathan Warren
"Walden ; And, Resistance to Civil Government",Henry David Thoreau
The Awakening,Kate Chopin;Margo Culley
Paradise Lost,John Milton;Scott Elledge
Robinson Crusoe,Daniel Defoe;Michael Shinagel
George Bernard Shaw's Plays,Bernard Shaw
Death and the King's Horseman,Wole Soyinka;Simon Gikandi
The Tempest,William Shakespeare;Peter Hulme;William Howard Sherman
The Castle in the Forest,Norman Mailer
"Richard Brautigan's A Confederate General from Big Sur, Dreaming of Babylon, and The Hawkline Monster",Richard Brautigan
Revenge of the Lawn,Richard Brautigan
John's Story,Tim F. LaHaye
The Navigator,Clive Cussler
The Truth,Terry Pratchett
Jesus' Son,Denis Johnson
The Franco-Prussian War,Michael Howard
Diana Wynne Jones,Farah Mendlesohn
It's Not About the Bike,Lance Armstrong
E,David Bodanis
Tom Clancy's Net Force,Tom Clancy;Steve Perry;Steve Pieczenik
The Magical Worlds of the Lord of the Rings,David Colbert
McNally's Alibi,Vincent Lardo;Lawrence Sanders
Death's Acre,Bill Bass;William M. Bass;Jon Jefferson
Murder on the Orient Express,Agatha Christie
Prince of Ice,Emma Holly
Cat's Cradle,Andrew Cartmel
Catwings,Ursula K. Le Guin
Harry Potter,J. K. Rowling
Gothic!,Deborah Noyes
A break with charity,Ann Rinaldi
The Harry Potter Collection,J. K. Rowling
Ghosthunters and the Muddy Monster of Doom!,Cornelia Caroline Funke
Guardians of Ga'hoole,Kathryn Lasky
This is Push,David Levithan
Tai-Pan,James Clavell
Flags Of Our Fathers,James Bradley
How Angel Peterson Got His Name,Gary Paulsen
Stay!,Lois Lowry
Vincent Van Gogh,Jan Greenberg;Sandra Jane Jordan
Tucket's Travels,Gary Paulsen
Beowulf,Robert Nye
Riddle-master,Patricia A. McKillip
The Celestine Prophecy,James Redfield
The Everyday Life Bible,Joyce Meyer
The Serial Killers Club,Jeff Povey
I Like You,Amy Sedaris
The Coming Economic Collapse,Stephen Leeb;Glen Strathy
The White Wolf's Son,Michael Moorcock
One L,Scott Turow
Hope is the Thing with Feathers,Christopher Cokinos
The War of Art,Steven Pressfield
The Daily Show with Jon Stewart Presents America (The Book) Teacher's Edition,Jon Stewart;The Writers of The Daily Show
Feynman's Rainbow,Leonard Mlodinow
Sister Freaks,Rebecca St. James
Fear and Loathing,Hunter S. Thompson
A Thread of Grace,Mary Doria Russell
The Dragon Doesn't Live Here Anymore,Alan Cohen
Fools Die,Mario Puzo
Cujo,Stephen King
For the New Intellectual,Ayn Rand
The Virtue of Selfishness,Ayn Rand;Nathaniel Branden
The Eyes of the Dragon,Stephen King
It,Stephen King
Blessings from the Other Side,Sylvia Browne;Lindsay Harrison
The Love You Make,Peter Brown;Steven S. Gaines
Codebreakers' Victory,Hervie Haufler
The Agony and the Ecstasy,Irving Stone
Dark Lover,J. R. Ward
Bitter is the New Black,Jen Lancaster
Lover Eternal,J. R. Ward
Lover Awakened,J. R. Ward
What Angels Fear,C. S. Harris
"Bright Lights, Big Ass",Jen Lancaster
Lover Revealed,J. R. Ward;Jessica Bird Ward
Bored of the Rings,Henry Beard;Harvard Lampoon;Douglas C. Kenney
Beowulf,Burton Raffel
The Origin of Species,Charles Darwin
Pygmalion,Bernard Shaw;Alan Jay Lerner
The Oedipus Plays of Sophocles,Sophocles;Paul Roche
When Food is Love,Geneen Roth
Feeding the Hungry Heart,Geneen Roth
The McDougall Quick and Easy Cookbook,John A. McDougall;Mary McDougall
Savage Love,Dan Savage
City of God,E. L. Doctorow
Hot Chocolate for the Mystical Lover,Arielle Ford
Riding the Bus with My Sister,Rachel Simon
A Long Short War,Christopher Hitchens
War and Peace and War,Peter Turchin
The Sword and the Shield,Christopher Andrew;Vasili Mitrokhin
The Clock Of The Long Now,Stewart Brand
The Evolution of Desire,David M. Buss
The Culture of Fear,Barry Glassner
The Pleasure of Finding Things Out,Richard Phillips Feynman
Why is sex fun?,Jared M. Diamond
Shattered Bonds,Dorothy E. Roberts
Applied Economics,Thomas Sowell
Crash Proof,Peter D. Schiff;John Downes
The Skeptic's Dictionary,Robert Carroll
Color Drawing,Michael E. Doyle
The Warren Buffett CEO,Robert P. Miles
Information Technology for Management,Efraim Turban
Limbo,Alfred Lubrano
Lady on the Hill,Howard E. Covington
Feminist Measures,Lynn Keller;Cristanne Miller
Lost Continents,Lyon Sprague De Camp
1001 Illuminated Initial Letters,Owen Jones
The Marriage of Heaven and Hell,William Blake
The Oresteia Trilogy,Aeschylus;E. D. A. Morshead
Enter Jeeves,P. G. Wodehouse;David A. Jasen
The Wit and Wisdom of Mark Twain,Mark Twain
The Sword of Welleran,Lord Dunsany
On the Origin of Species,Charles Darwin
The Seventy Wonders of the Ancient World,Christopher Scarre
Graphic Design,Richard Hollis
Cravings,MaryJanice Davidson;Eileen Wilks;Rebecca York
John Irving,John Irving
The Orion Mystery,Robert Bauval
The Politics of Cultural Despair,Fritz R. Stern
The Responsibility of Forms,Roland Barthes
Balanchine,Bernard Taper
Infections and Inequalities,Paul Farmer
Exiled in Paris,James Campbell
The Whole World Is Watching,Todd Gitlin
Berlioz,David Cairns
Pathologies of Power,Paul Farmer
Storming the Gates of Paradise,Rebecca Solnit
Gardening with a Wild Heart,Judith Larner Lowry
The Ethics and Politics of Asylum,Matthew J. Gibney
The Presocratic Philosophers,G. S. Kirk;J. E. Raven;M. Schofield
Moral Luck,Bernard Williams
Problems of the Self,Bernard Williams
The Rise and Fall of Anne Boleyn,Retha M. Warnicke
Foucault's Virginity,Simon Goldhill;Professor of Greek Literature and Culture and Fellow and Director of Studies in Classics Simon Goldhill
Pearl S. Buck,Peter Conn;Peter J. Conn
Numerical Recipes Example Book (C++),William T. Vetterling
Myths of the Underworld Journey,Radcliffe G. Edmonds
Myths of the Underworld Journey,III
Three Complete Novels,Lloyd Alexander
The Last Eyewitness,Chris Seay;David B. Capes;Brian McLaren
Slaughterhouse Blues,Donald D. Stull;Michael J. Broadway
Forbidden Knowledge,Stephen R. Donaldson
The Mind's I,Douglas R. Hofstadter;Daniel Clement Dennett
Girls in Pants,Ann Brashares
Tides of War,Steven Pressfield
Men Who Hate Women and the Women Who Love Them,Susan Forward;Joan Torres
Gates Of Fire,Steven Pressfield
A Dark and Hungry God Arises,Stephen R. Donaldson
I. Asimov,Isaac Asimov
Watchers of Time,Charles Todd
Social Intelligence,Daniel Goleman
Sailing from Byzantium,Colin Wells
Death of a Naturalist,Seamus Heaney
The Real Thing,Tom Stoppard
Tales from Ovid,Ovid;Ted Hughes
Tom Stoppard: Plays 5,Tom Stoppard
Letters Home,Sylvia Plath
Finders Keepers,Seamus Heaney
The Last Hero,Terry Pratchett
Common Ground,Molly Bang
Scary stories 3,Alvin Schwartz
Vesco from Wall Street to Castro's Cuba,Arthur Herzog
High performance MySQL,Jeremy D. Zawodny;Derek J. Balling
Hackers & Painters,Paul Graham
BSD Hacks,Dru Lavigne
IMovie 4 & IDVD,David Pogue
The New Hite Report,Shere Hite
Execution,Larry Bossidy;Ram Charan;Charles Burck
Dispatches from the Tenth Circle,Robert Siegel
The Two Towers,John Ronald Reuel Tolkien
Farmer Giles of Ham,John Ronald Reuel Tolkien
Unweaving the Rainbow,Richard Dawkins
The Letters of J.R.R. Tolkien,John Ronald Reuel Tolkien
J.R.R. Tolkien,Humphrey Carpenter
The Return of the Shadow,John Ronald Reuel Tolkien;Christopher Tolkien
J.R.R. Tolkien,Wayne G. Hammond;Christina Scull
Once a Wolf,Stephen R. Swinburne;Jim Brandenburg
Colter,Rick Bass
Nixon Agonistes,Garry Wills
Two of Us,Peter Smith
Queen of Scots,John Alexander Guy
Inventing America,Garry Wills
The Lord of the Rings,Brian Sibley
Fergus and the Night-Demon,Jim Murphy
The Fellowship of the Ring,J. R. R. Tolkien
The Hermit's Story,Rick Bass
The Lord of the Rings,Chris Smith
Understanding the Lord of the Rings,Neil D. Isaacs;Rose A. Zimbardo
Reefer Madness,Eric Schlosser
The Last Shot,Darcy Frey
Dark Star Safari,Paul Theroux
"Since 1500, Chapters 15-30",Richard W. Bulliet
Fun Home,Alison Bechdel
Entre Amis,Michael Oates;Larbi Oukada
Tolkien And The Great War,John Garth
Bury the Chains,Adam Hochschild
The Ancestor's Tale,Richard Dawkins;Yan Wong
Three Nights in August,H. G. Bissinger;Buzz Bissinger
The Chosen,Jerome Karabel
Western Philosophy,John G. Cottingham
Philosophical Investigations,Ludwig Wittgenstein
Michael W. Smith,Michael W. Smith
"The Mystery of the Ancient Pyramid (Cairo, Egypt)",Carole Marsh
The Gospel According to Tolkien,Ralph C. Wood
That Godless Court?,Ronald Bruce Flowers
Luther and Erasmus,Ernest Gordon Rupp;Philip Saville Watson
Self-made Man,Norah Vincent
Mayflower,Nathaniel Philbrick
Dust,Martha Grimes
Artemis Fowl,Eoin Colfer
Venice: Lion City,Garry Wills
Guilty as Charged,Scott Turow
The Night Awakens,Mary Higgins Clark
Anne Frank Remembered,Miep Gies;Alison Leslie Gold
The Seven Habits of Highly Effective People,Stephen R. Covey
STINGER,Robert McCammon
Berserkers,Fred Saberhagen
American Tragedy,David E. Kaiser
The Writer of Modern Life,Walter Benjamin
Iron Kingdom,Christopher M. Clark;University Christopher Clark
Iron Kingdom,MD
Ancilla to the Pre-Socratic Philosophers,Mary Fitt;Kathleen Freeman
Doubling the Point,Professor of General Literature J M Coetzee;J. M. Coetzee
The Fate of Reason,Frederick C. Beiser
"New Worlds, Ancient Texts",Anthony Grafton;Nancy G. Siraisi;April Shelford
Origins of the Modern Mind,Merlin Donald
The Principles of Psychology,William James
Wittgenstein on Rules and Private Language,Saul A. Kripke
Plato in twelve volumes,Plato
History of the Peloponnesian War,Thucydides
Hiero,Xenophon
Epictetus,Epictetus
The Complete Collected Poems of Maya Angelou,Maya Angelou
A fine balance,Rohinton Mistry
The Red and the Black,Stendhal
The Killer Angels,Michael Shaara
The Murders in the Rue Morgue,Edgar Allan Poe
Darkness Visible,William Styron
Where I'm Calling from,Raymond Carver
The History of Sexuality,Michel Foucault
The Defense,Vladimir Vladimirovich Nabokov;Michael Scammell
The Rebel,Albert Camus
American Psycho,Bret Easton Ellis
Athena,John Banville
"Caramelo, Or, Puro Cuento",Sandra Cisneros
Blues for Mister Charlie,James Baldwin
Art & Lies,Jeanette Winterson
The Grotesque,Patrick McGrath
The Road to Reality,Roger Penrose
The Living and the Dead,Paul Hendrickson
Shalimar the Clown,Salman Rushdie
A Life in Letters,F. Scott Fitzgerald
A Calendar of Wisdom,Leo Tolstoy
"Two Girls, Fat and Thin",Mary Gaitskill
The Complete Short Stories Of Ernest Hemingway,Ernest Hemingway
Soul of the Sword,Robert L. O'Connell
Unlimited Power,Tony Robbins
Hamlet's Dresser,Bob Smith
Out of the Woods,Chris Offutt
Mad Cowboy,Howard F. Lyman;Glen Merzer
The Noonday Demon,Andrew Solomon
The Rum Diary,Hunter S. Thompson
No Heroes,Chris Offutt
Jukebox Queen Of Malta,Nicholas Rinaldi
Yesterday I Cried,Iyanla Vanzant
Of Time and the River,Thomas Wolfe
The Mutineer,Hunter S. Thompson
Screwjack,Hunter S. Thompson
Exclusion and Embrace,Miroslav Volf
Worlds enough and time,Joe Haldeman;Joe W. Haldeman
Behind a Mask,Louisa May Alcott
NYC Ballet Workout,Peter Martins
Kevin Trudeau's Mega Memory,Kevin Trudeau
The Purpose of Your Life,Carol Adrienne
Phantoms in the Brain,V. S. Ramachandran
The Lost Tomb,Kent R. Weeks
Sad Underwear and Other Complications,Judith Viorst
Salt in His Shoes,Deloris Jordan;Roslyn M. Jordan
The Children's Homer,Padraic Colum
Alanna,Tamora Pierce
The Myth of the Eternal Return,Mircea Eliade
EUGENE ONEGIN - A NOVEL IN VERSE V.1,Aleksandr Sergeevich Pushkin
Images and Symbols,Mircea Eliade
Vladimir Nabokov,Brian Boyd
The Rise of Christianity,Rodney Stark
Making Democracy Work,Robert D. Putnam;Robert Leonardi;Raffaella Nanetti
The Two-Mile Time Machine,Richard B. Alley
Shamanism,Mircea Eliade
"Mine, All Mine",Ruth Heller
The Mansion on the Hill,Fred Goodman
The World is Flat,Thomas L. Friedman
Euripides,Pantelis Michelakis
The Egyptologist,Arthur Phillips
A Farewell to Arms?,Michael Cox;Adrian Guelke;Fiona Stephen
Code,Charles Petzold
"The Girlhood Diary of Louisa May Alcott, 1843-1846",Louisa May Alcott
Life Management for Busy Women,Elizabeth George
Simple Acts of Faith,Margaret Feinberg
Perfectly Reasonable Deviations from the Beaten Track,Richard Phillips Feynman
Juneau and Sauk Counties,Jacqueline Ann;Sheila Zenk
Bill Gates,Sara Barton-Wood
Another Day in Paradise,Jim Toomey
Bowling Alone,Robert D. Putnam
The Blackwater Lightship,Colm Toibin
The Body Artist,Don DeLillo
Sarah Ban Breathnach's Mrs. Sharp's Traditions,Sarah Ban Breathnach
Not Much Fun,Stuart Y. Silverstein
An Hour Before Daylight,Jimmy Carter
Cover Her Face,P.D. James
Authentic Happiness,Martin E. P. Seligman
Yanks,John Eisenhower
Man and Boy,Tony Parsons
President Nixon,Richard Reeves
Shout!,Philip Norman
Man and Wife,Tony Parsons
Teacher Man,Frank McCourt
Will You Miss Me When I'm Gone?,Mark Zwonitzer;Charles Hirshberg
Cosmopolis,Don DeLillo
The Boat of Dreams,Richard Preston
The Glass Castle,Jeannette Walls
Wideacre,Philippa Gregory
The Master,Colm Toibin
Generation of Swine,Hunter S. Thompson
The Great Shark Hunt,Hunter S. Thompson
Sea of Thunder,Evan Thomas
Frankenstein,Mary Wollstonecraft Shelley
The Trial of Queen Caroline,Jane Robins
Benjamin Franklin,Walter Isaacson
Team of Rivals,Doris Kearns Goodwin
Untouchables,Narendra Jadhav
Brokeback Mountain,Annie Proulx
Love Smart,Dr. Phil McGraw
Virgin Earth,Philippa Gregory
Diary of a Mistress,Miasha
Female Chauvinist Pigs,Ariel Levy
Persian Mirrors,Elaine Sciolino
Kissinger,Walter Isaacson
Lisey's Story,Stephen King
You On A Diet,M. D. Roizen (Michael F.);Michael F. Roizen
Does Anything Eat Wasps?,New Scientist
The SPEED of Trust,Stephen R. Covey;Rebecca R. Merrill
Like Shaking Hands With God,Kurt Vonnegut Jr.;Lee Stringer
The Second Time Around,Mary Higgins Clark
Perfect Match,Jodi Picoult
Blink-182,Blink-182;Anne Hoppus;Tom Delonge;Mark Hoppus;Travis Barker
Songs of the Humpback Whale,Jodi Picoult
One More for the Road,Ray Bradbury
Shock Wave,Clive Cussler
My Sister's Keeper,Jodi Picoult
Vanishing Acts,Jodi Picoult
Sex and the City,Amy Sohn;Sarah Jessica Parker
He Sees You When You're Sleeping,Mary Higgins Clark;Carol Higgins Clark
From Sawdust to Stardust,Terry Lee Rioux
"Click, Clack, Moo",Doreen Cronin;Betsy Lewin
Band of Brothers,Stephen E. Ambrose
First Things First,Stephen R. Covey
Goodnight Nobody,Jennifer Weiner
The Diablo: The Sin War #1: Birthright,Richard A. Knaak
Diablo: The Sin War #2: Scales of the Serpent,Blizzard Entertainment
The Best of Ray Bradbury,Ray Bradbury
Undaunted Courage,Stephen E. Ambrose
The Sea Hunters,Clive Cussler;Craig Dirgo
Getting the Love You Want,Harville Hendrix
Never Go Home Again,Shannon Holmes
Performance Assessments for Adult Education,Dan Birlew
Dragon Quest VIII,Dan Birlew
Castlevania,BradyGames (Firm)
Propaganda and the Public Mind,David Barsamian;Noam Chomsky
Zizek,Sarah Kay
Political Philosophy,Adam Swift
The Gifts of the Jews,Thomas Cahill
"Easy Riders, Raging Bulls",Peter Biskind
Transform Your Life,Diana Cooper
It's a Magical World,Bill Watterson
Tuesdays with Morrie,Mitch Albom
The Lost World,Gail Herman
The Unadulterated Cat,Terry Pratchett;Gray Jolliffe
I Wonder Why I Blink,Brigid Avison
I Wonder Why the Sun Rises,Brenda Walpole
Mouse Or Rat?,Umberto Eco
Razor's Edge,Hugh Bicheno;Richard Holmes
The Science of Harry Potter,Roger Highfield
The DC Comics Encyclopedia,Phil Jimenez
A Faith Like Mine,Laura Buller
Star Wars,Kristin Lund;Simon Beecroft;Kerrie Dougherty
The Marvel Comics Encyclopedia,DK Publishing
The Marvel Comics Encyclopedia,Inc
Greece,Marc Dubin
Sugar Cookie Murder,Joanne Fluke
Corvette,Randy Leffingwell
Jimmy Stewart,Starr Smith
The John Deere Two-Cylinder Tractor Encyclopedia,Don Macmillan;Wayne G. Broehl
The Brave Women of the Gulf Wars,Karen Zeinert;Mary Miller
The Wealthy Barber,David Chilton
Lego Star Wars,Michael Littlefield;Prima Games
The Politics of Injustice,Katherine Beckett;Theodore Sasson
The Illustrated on the Shoulders of Giants,Stephen W. Hawking
Castle Diary,Richard Platt;Chris Riddell
Dragonology,Ernest Drake
"Judy Moody, M.D.",Megan McDonald
Judy Moody,Megan McDonald
Mercy Watson,Kate DiCamillo;Chris Van Dusen
Aquatic Turtles,Richard D. Bartlett;Patricia Bartlett
Legends,Robert Silverberg
The Dragon Reborn,Robert Jordan
What Dreams May Come,Richard Matheson
The Dark Mirror,Juliet Marillier
Children of the Night,Mercedes Lackey
Jinx High,Mercedes Lackey
Sarah,Orson Scott Card
To Light a Candle,Mercedes Lackey;James Mallory
In the Land of the Lawn Weenies,David Lubar
New Threads in the Pattern,Robert Jordan
Godslayer,Jacqueline Carey
Jonathan Strange & Mr Norrell,Susanna Clarke
I'm a Stranger Here Myself,Bill Bryson
Q,Quincy Jones
The Hunt for Zero Point,Nick Cook
For the Sins of My Father,Albert DeMeo;Mary Jane Ross
Bookends,Jane Green
The Minimalist Cooks at Home,Mark Bittman
Conspiracy of Fools,Kurt Eichenwald
Babyville,Jane Green
La Cucina Di Lidia,Lidia Bastianich;Jay Jacobs
The Sex Lives of Cannibals,J. Maarten Troost
Holy Cow,Sarah MacDonald
Love @ First Site,Jane Moore
The Dictionary of Corporate Bullshit,Lois Beckwith
It's Called a Breakup Because It's Broken,Greg Behrendt;Amiira Ruotola-Behrendt
Life on Planet Rock,Lonn Friend
The View from Castle Rock,Alice Munro
Kaplan & Sadock's Synopsis of Psychiatry,Benjamin J. Sadock;Virginia A. Sadock
The Punisher,Garth Ennis;Jeff Youngquist;John McCrea
Astonishing X-Men - Volume 1,Joss Whedon
The Power of One,John C. Maxwell;Thomas G. Addington
Only the River Runs Free,Bodie Thoene;Brock Thoene
The Blood of the Moon,George Grant
Rape,Joyce Carol Oates
The Boys of Everest,Clint Willis
Divine Invasions,Lawrence Sutin
Writing with Intent,Margaret Atwood
Summerland,Michael Chabon
Baby Einstein: Violet's House,Julie Aigner-Clark
It's Kind of a Funny Story,Ned Vizzini
Nigella Bites,Nigella Lawson
Love,Pablo Neruda
Betrayal of Trust,Laurie Garrett
Dirty Jokes and Beer,Drew Carey
Shopgirl,Steve Martin
The Players of Gilean,Margaret Weis;Tracy Hickman
The Search for Power,Margaret Weis
The Five Dysfunctions of a Team,Patrick M. Lencioni
Cults in Our Midst,Margaret Thaler Singer
Organic Church,Neil Cole
Killing the Imposter God,Donna Freitas;Jason E. King
Moonage Daydream,David Bowie
Freedom Riders,Ann Bausum
In Focus,National Geographic Society (U.S.)
"""Gorgias"" and ""Phaedrus""",Plato
The River Runs Black,Elizabeth Economy
Edie,Jean Stein
Last Words,William S. Burroughs
The House of Morgan,Ron Chernow
The Eternal Frontier,Tim Flannery
Monster,Sanyika Shakur
Cold Mountain,Charles Frazier;George Vithoulkas
The 10 Commandments of Parenting,H. Edwin Young
Longitude,Dava Sobel;Neil Armstrong
The -Alchemist's Kitchen,Guy Ogilvy
A Time to Embrace,William Stacy Johnson
Jesus and the Eyewitnesses,Richard Bauckham
The Early History of God,Mark S. Smith
The Killer Department,Robert Cullen
The Magic Journey,John Nichols
Robert Frost,Jay Parini
The Milagro Beanfield War,John Nichols
Nickel and Dimed,Barbara Ehrenreich
Eight Men Out,Eliot Asinof
John Adams,John P. Diggins
Ulysses S. Grant,Josiah Bunting
You Come Too,Robert Frost
The Poetry of Robert Frost,Robert Frost
Media Unlimited,Todd Gitlin
In Harm's Way,Doug Stanton
The Second World War,Martin Gilbert
"The Historical Atlas of New York City, Second Edition",Eric Homberger
Messenger of Truth,Jacqueline Winspear
Saint-Exupery,Stacy Schiff
The Foundling,Lloyd Alexander
Travels in the Scriptorium,Paul Auster
How to Be a Jewish Parent,Anita Diamant;Karen Kushner
Anatomy & Physiology Coloring Workbook,Elaine N. Marieb
Monkey Business,Marvin N. Olasky;John Perry
Writing the Qualitative Dissertation,Judith M. Meloy
Warfare in the Classical World,John Gibson Warry
So Far from God,John S. D. Eisenhower
Selections from Homer's Iliad,Homer
The Parrot Head Companion,Thomas Ryan
Vicars of Christ,Charles A. Coulombe
The Minority Report,Philip K. Dick
Man's Search for Meaning,Viktor Emil Frankl
Art and Culture,Clement Greenberg
When the Rivers Run Dry,Fred Pearce
The Scotch-Irish,James G. Leyburn
The Transcendence of the Ego,Jean-Paul Sartre
The Phenomenon of Life,Hans Jonas;Eleonore Jonas
Lewis Carroll's Jabberwocky,Graeme Base
The Beatles,Simon Wells
Creating the Worlds of Star Wars,John Knoll;J. W. Rinzler
National Geographic Society,C. D.B. Bryan
Pink Box,Joan Sinclair
Safe Conduct,Boris Leonidovich Pasternak
Wookiee Cookies,Robin Davis
The Star Wars Cookbook II,Frankie Frankeny;Wesley Martin
Stylepedia,Steven Heller;Louise Fili
Chicago Stories,John Miller;Genevieve Morgan
I Am 8-bit,Jon M. Gibson
Edie,Melissa Painter;David Weisman
Chaucer's Canterbury Tales (Selected),Geoffrey Chaucer;Vincent F. Hopper
"Twelfth Night, Or, What You Will",William Shakespeare
"Aeschylus, 1",Aeschylus
"Euripides, 3",Euripides
Pastwatch,Orson Scott Card
Orion,Ben Bova
The Ships of Earth,Orson Scott Card
A Crown of Swords,Robert Jordan
Yon Ill Wind,Piers Anthony
Winter's Heart,Robert Jordan
The Sword of Truth,Terry Goodkind
The Simpsons and Philosophy,William Irwin;Mark T. Conard;Aeon J. Skoble
Woody Allen and Philosophy,Mark T. Conard;Aeon J. Skoble
Harry Potter and Philosophy,David Baggett;Shawn Klein;William Irwin
The Lord of the Rings and Philosophy,Gregory Bassham;Eric Bronson
Superheroes and Philosophy,Thomas V. Morris;Matt Morris;William Irwin
Star Wars and Philosophy,Kevin S. Decker;William Irwin;Jason T. Eberl
The Undead and Philosophy,Richard Greene;K. Silem Mohammad
The Beatles and Philosophy,Michael Baur;Steven Baur
Bullshit and Philosophy,Gary L. Hardcastle;George A. Reisch
Islam,Karen Armstrong
A Working Stiff's Manifesto,Iain Levison
Funny in Farsi,Firoozeh Dumas
The Birth of Venus,Sarah Dunant
The Knight Of Maison-Rouge,Alexandre Dumas
A War Like No Other,Victor Davis Hanson
Reading Lolita in Tehran,Azar Nafisi
Color,Victoria Finlay
No God But God,Reza Aslan
Fooled By Randomness,Nassim Taleb
The March,E. L. Doctorow
Winter Season,Toni Bentley
Echoes of the Marseillaise,Eric J. Hobsbawm
Girls who Wore Black,Ronna Johnson;Nancy McCampbell Grace
Latin Via Ovid,Norma Goldman;Jacob E. Nyenhuis
Practice! Practice!,Norma Goldman;Michael Rossi
The Gramsci Reader,Antonio Gramsci
Cold Counsel,Sarah M. Anderson;Karen Swenson
George Eliot,Kathryn Hughes
Marilyn Monroe,Donald Spoto
The Condor and the Cows,Christopher Isherwood
Filth,William A. Cohen
Robert Penn Warren's All the King's Men,Robert Penn Warren
Middlemarch,Brian Johnston;Mary Ellen Snodgrass
"Beckett's Waiting for Godot, Endgame, & Other Plays",Jeffrey Fisher;James L. Roberts
A Streetcar Named Desire,Tennessee Williams
The Classical Drawing Atelier,Juliette Aristides
Freaks!,Steve Miller
The Munsters,Stephen Cox
Life of the Beloved,Henri J. M. Nouwen
Save the Date,Jason King;Donna Freitas
Huxley and God,Aldous Huxley
Reinventing Jesus,J. Ed Komoszewski;M. James Sawyer;Daniel B. Wallace
Quito 1599,Kris E. Lane
Don DeLillo's White Noise,Leonard Orr
Anita Diamant's The Red Tent,Ann Finding
Beyond the Chains of Illusion,Erich Fromm;Rainer Funk
JK Rowling's Harry Potter Novels,Philip Nel
Too Busy Not to Pray,Bill Hybels;LaVonne Neff
The Nature of the Atonement,James K. Beilby;Paul R. Eddy
Original Sin,Henri Blocher
The Cross from a Distance,Peter G. Bolt
Beyond the Postmodern Mind,Huston Smith
Mandala,Judith Cornell
Stephen King from A to Z,George Beahm
Foundations of Clinical Research,Leslie Gross Portney;Mary P. Watkins
Desecration,Tim F. LaHaye;Jerry B. Jenkins
Armageddon,Tim F. LaHaye;Jerry B. Jenkins
Left behind,Tim Lahaye;Tim F. LaHaye;Jerry B. Jenkins
Kingdom Come,Tim F. LaHaye;Jerry B. Jenkins
The Rising,Tim LaHaye;Tim F. LaHaye;Jerry B. Jenkins
Silenced,Jerry B. Jenkins
The Grace Awakening,Charles R. Swindoll
The Valley of Vision,Arthur Bennett
From Hell,Alan Moore;Eddie Campbell;Pete Mullins
Eight Mindful Steps to Happiness,Henepola Gunaratana
Corroborating Evidence,William T. Rasmussen
Suburban Nation,Andres Duany;Elizabeth Plater-Zyberk;Jeff Speck
Summa Theologica,Thomas Aquinas
Whoreson,Donald Goines
Sherlock Holmes,Nick Rennison
Halsey's Typhoon,Bob Drury;Thomas Clavin
Mapping the Big Picture,Heidi Hayes Jacobs
"On Justice, Power, and Human Nature",Thucydides
Leviathan,Thomas Hobbes;Edwin M. Curley
The Grand Inquisitor,Fyodor Dostoyevsky;Charles B. Guignon
Aristophanes 1,Aristophanes;Peter Meineck
Aristophanes 1,Aristophanes
The Trial and Death of Socrates (Third Edition),Plato;George Maximilian Anthony Grube;John Madison Cooper
Kaddish and Other Poems: 1958-1960,Allen Ginsberg
The Scripture of the Golden Eternity,Jack Kerouac
Chekhov's Doctors,Anton Pavlovich Chekhov;Jack Coulehan;John L. Coulehan
The Search for the Beloved,Jean Houston
A Gateway to Sindarin,David Salo
Blame It on the Brain?,Edward T. Welch
A Full House,Madeleine L'Engle
Hamlet's Mill,Giorgio De Santillana;Hertha von Dechend
John Deere Farm Tractors,Randy Leffingwell
Bioinformatics,David W. Mount
God's Generals,Roberts Liardon
Experimental Phenomenology,Don Ihde
Hard Drive,James Wallace;Jim Erickson
Die Broke,Stephen Pollan;Mark Levine
Teaching the World's Children,Mary Ashworth;Patricia Wakefield
Feeding the Future,Andrew Heintzman;Evan Solomon
The Stress-Free Habit,John Perkins
America Alone,Mark Steyn
The Real Jimmy Carter,Steven F. Hayward
Topsail Island,Ray McAllister
Sister Outsider,Professor Audre Lorde;Audre Lorde
Outsiders Within,Jane Jeong Trenka;Julia Chinyere Oparah;Sun Yung Shin
Saint Ignatius Loyola,James Brodrick
No Price Too High,Alex Jones
The Confessions of St. Augustine,Saint Augustine (Bishop of Hippo.);Saint Augustine of Hippo;Joseph Mary Leleu
Melville's Moby-Dick,Edward F. Edinger
Soul Mates and Twin Flames,Elizabeth Clare Prophet
The Covert War Against Rock,Alex Constantine
Big Dead Place,Nicholas Johnson
Life Amongst the Modocs,Joaquin Miller
"Yes, Your Teen Is Crazy!",Michael J. Bradley
The Naked Warrior,Pavel Tsatsouline
Mahatma Gandhi and His Myths,Mark Shepard
Seduction and Betrayal,Elizabeth Hardwick
"The Leatherstocking Tales: The pioneers, or The sources of the Susquehanna. The last of the Mohicans. The prairie",James Fenimore Cooper
"The Leatherstocking Tales: The pathfinder, or The inland sea. The deerslayer, or The first war-path",James Fenimore Cooper
Speeches and Writings 1832-1858,Abraham Lincoln
"Collected tales, sketches, speeches, and essays 1891-1910",Mark Twain
Historical Romances,Mark Twain;Samuel Langhorne Clemens;Victor and Lin Salamo editors Fischer;Susan K. Harris;Susan R. Harris
Christian Mythmakers,Rolland Hein
Leaving the 20th Century,Christopher Gray
Pyramids of Montauk,Preston B. Nichols;Peter Moon
Desire and Duty,Teddy F. Bader;Marilyn Bader
Reefer madness,Eric Schlosser
You are Being Lied to,Russell Kick
A Winter's Tale,Cassie Brown
New York City's Best Dive Bars,Wendy Mitchell
Dark Rivers of the Heart/Intensity/Sole Survivor,Dean Koontz
Maud Hart Lovelace's Deep Valley,Julie A. Schrader
Transcending the Levels of Consciousness,David R. Hawkins
Discovery of the Presence of God,David R. Hawkins
The Player's Handbook,Heidi Fleiss;Libby Keatinge
H.G. Wells' Floor Games,H. G. Wells;Barbara A. Turner
The Frequencies,Noah Eli Gordon
Caesar's Commentaries,Julius Caesar;W. A. MacDevitt;James H. Ford
Unauthorized Harry Potter and the Deathly Hallows News,W. Frederick Zimmerman
Agile Web Development with Rails,David Thomas;David Heinemeier Hansson;Leon Breedt
Behind Closed Doors,Johanna Rothman;Esther Derby
Brevity & echo,Kathleen Rooney
Eating Stone,Ellen Meloy
1491,Charles C. Mann
The Crazed,Ha Jin
His Excellency,Joseph J. Ellis
Diary,Chuck Palahniuk
A Year at the Races,Jane Smiley
Beloved,Toni Morrison
Parallel Worlds,Michio Kaku
Who Will Run the Frog Hospital?,Lorrie Moore
A Thousand Acres,Jane Smiley
Providence of a Sparrow,Chris Chester
Case Closed,Gerald Posner
Chronicle of a Death Foretold,Gabriel Garcia Marquez
Lidia's Italy,Tanya Bastianich Manuali
The Plague,Albert Camus
Confessions of a French Baker,Peter Mayle;Gerard Auzet
Imperial Life in the Emerald City,Rajiv Chandrasekaran
Gale Gand's Short + Sweet,Gale Gand;Julia Moskin
Fugitives and Refugees,Chuck Palahniuk
"Isolde, Queen of the Western Isle",Rosalind Miles
Last Train to Paradise,Les Standiford
"The Hedgehog, the Fox, and the Magister's Pox",Stephen Jay Gould
The Last Hours of Ancient Sunlight,Thom Hartmann
The Ruby Ring,Diane Haeger
Eat This Book,Tyler Florence
Tyler's Ultimate,Tyler Florence
Everyday Italian,Giada De Laurentiis
Godless,Ann H. Coulter
The Family that Couldn't Sleep,Daniel T. Max
The Secret Society of Demolition Writers,Aimee Bender;Marc Parent
Peony in Love,Lisa See
The Wild Trees,Richard Preston
There's a (slight) Chance I Might be Going to Hell,Laurie Notaro
American Gospel,Jon Meacham
Saturday,Ian McEwan
The Disappointment Artist,Jonathan Lethem
Created In Darkness By Troubled Americans,Dave Eggers
For Her Own Good,Barbara Ehrenreich;Deirdre English
Learned Optimism,Martin E. P. Seligman
The Island At The Center Of The World,Russell Shorto
Operating Instructions,Anne Lamott
Blood Done Sign My Name,Timothy B. Tyson
Beowulf,Howell D. Chickering
The Eiger Sanction,Trevanian
Shibumi,Trevanian
On the Road to Perdition,Max Allan Collins;Jose Luis Garcia-Lopez
Superman,Mark Waid;Leinil Francis Yu
Arkham Asylum,Grant Morrison;Dave McKean
Jack of Fables,Bill Willingham;Matthew Sturges;Tony Akins;Andrew Pepoy
Sgt. Rock,Joe Kubert
Pledged,Alexandra Robbins
Jamie's Dinners,Jamie Oliver
Being dead is no excuse,Gayden Metcalfe;Charlotte Hays
Mother God,Sylvia Browne
Lila's Child,Dan Glover
Strawberry Days,David A. Neiwert
The End of Nana Sahib,Jules Verne
A Million Little Pieces of Feces,Python Bonkers
The Radical Right and the Murder of John F. Kennedy,Harrison E. Livingstone
The Regime,Tim F. LaHaye;Jerry B. Jenkins
The Rapture,Tim F. LaHaye;Jerry B. Jenkins
Star Trek: Voyager: String Theory #3,Heather Jarman
The Farthest Shore,Ursula K. Le Guin
Cell,Stephen King
Santa Cruise,Mary Higgins Clark;Carol Higgins Clark
Same Sex in the City,Lauren Levin;Lauren Blitzer
"Fullmetal Alchemist, Vol. 5",Hiromu Arakawa
Pirates of the Caribbean: The Coming Storm - Jack Sparrow Book #1,Rob Kidd
Surfer's Code,Shaun Tomson;Patrick J. Moser
The Trouble with the Pears,Gia Bathory Al Babel
No Cherubs for Melanie,James Hawkins
Magic Carpet Ride,John Kay;John Einarson
Terry,Douglas Coupland
Your Inner Physician and You,John E. Upledger
Healing with Whole Foods,Paul Pitchford
James Dean,David Dalton
The Hitchhiker's Guide to the Galaxy,Robbie Stamp;Paul Simpson
The Apple that Astonished Paris,Billy Collins
Keeping Faith,Jimmy Carter
Spring's Awakening,Frank Wedekind
Smart Love,Martha Heineman Pieper;William Joseph Pieper
Betty Friedan and the Making of The Feminine Mystique,Daniel Horowitz
The Complete ACOA Sourcebook,Janet G. Woititz
On the Bus,Paul Perry;Ken Babbs
Requiem for a Dream,Hubert Selby
Expelled from Eden,Perseus
Wokini,Billy Mills;Nicholas Sparks
Power Vs. Force,David R. Hawkins
"Boomers, Xers, and Other Strangers",Rick Hicks;Kathy Hicks
Don't Wait for Your Ship to Come In,John Mason
Read my lips,Riki Anne Wilchins
Death,Neil Gaiman;Chris Bachalo;Mark Buckingham;Mike Dringenberg
JLA,Grant Morrison
The Invisibles,Grant Morrison;Chris Weston;Ivan Reis;Ray Kryssing
The Authority,Warren Ellis;Bryan Hitch;Mark Millar;Frank Quitely
Exploring the Northern Tradition,Galina Krasskova
Letters,John Barth
Tales of Magick,Phil Brucato;Aaron Rosenberg
Water for Elephants,Sara Gruen
On Genesis,Saint Augustine (of Hippo)
The Truth about Columbus,James W. Loewen
Lies My Teacher Told Me,James W. Loewen
The War,Marguerite Duras
On Language,Noam Chomsky;Mitsou Ronat
The Assassination of Julius Caesar,Michael Parenti
Foghorn Outdoors Pacific Northwest Hiking,Scott Leonard;Megan McMorris
Road Trip USA,Jamie Jensen
Zora neale Hurston,Henry L. Gates
Things,Georges Perec;David Bellos
The Woman in Black,Susan Hill
The Last Shogun,Ryotaro Shiba
Song of Cthulhu,Stephen Mark Rainey
Miskatonic University,Sam Johnson
Call of Cthulhu RPG,Sandy Petersen;Lynn Willis
Secrets of New York,Jerry Jones;William Jones
"The Keeper's Companion, Vol. 2",Lynn Willis;Adam Gauntlett
Secrets of San Francisco,Cody Goodfellow
The Great Good Place,Ray Oldenburg
"X/1999, Vol. 1",CLAMP
Robert Van Gulik,Janwillem Van de Wetering
Restless Till We Rest in You,Saint Augustine
Restless Till We Rest in You,Bishop of Hippo;Thomas Paul Thigpen
Steppenwolf,Victor Skrebneski;Richard Christiansen
Mother Maria Skobtsova,Mariia
The Ultimate Time Machine,Joseph McMoneagle
Get Out of Your Mind & Into Your Life,Steven C. Hayes;Spencer Xavier Smith
Awakening at Midlife,Kathleen A. Brehony
Still Here,Ram Dass
Prozac Nation,Elizabeth Wurtzel
The Survivor's Guide to Sex,Staci Haines
Thus Spake the Corpse,Andrei Codrescu;Laura Rosenthal
Shattered Sword,Jonathan B. Parshall;Anthony P. Tully
Managers Not MBAs,Henry Mintzberg
Bright Purple,Melody Carlson
Parenting with Love and Logic,Foster Cline;Jim Fay
The Gift,Echo L. Bodine
The Inner Reaches of Outer Space,Joseph Campbell
Myths of Light,Joseph Campbell
The Power of Now,Eckhart Tolle
Jesus Freaks,DC Talk (Musical group)
Tim Burton,Tim Burton
Daisy Bates,Grif Stockley
Having a Mary Heart in a Martha World,Joanna Weaver
Dinner With A Perfect Stranger,David Gregory
The A.B.C. Murders,Agatha Christie
Murder at the Vicarage,Agatha Christie
The Body in the Library,Agatha Christie
The Murder of Roger Ackroyd,Agatha Christie
Evil Under the Sun,Agatha Christie
A Murder is Announced,Agatha Christie
The Mystery of the Blue Train,Agatha Christie
The South Beach Diet,Arthur Agatston
1000 Rings,Marthe Le Van
Artful Paper Dolls,Terry Taylor
International Codes,International Code Council
Homelands,Patricia Justine Tumang;Jenesha de Rivera
Hungry Planet,Peter Menzel;Faith D'Aluisio
Cider,Annie Proulx;Lew Nichols
Please Stop Laughing At Me,Jodee Blanco
New York 2000,Robert A. M. Stern;David Fishman;Jacob Tilove
The Hidden Smile of God,John Piper
The Legacy of Sovereign Joy,John Piper
When the Darkness Will Not Lift,John Piper
Soldiers of Salamis,Javier Cercas;Anne McLean
The Line of Beauty,Alan Hollinghurst
Fell,Warren Ellis;Ben Templesmith
D.H. Lawrence,John Worthen
The Horizontal World,Debra K. Marquart
Lithium for Medea,Kate Braverman
The Hip Chick's Guide to Macrobiotics,Jessica Porter
Posing for Portrait Photography,Jeff Smith
Healthy Cooking for IBS,Sophie Braimbridge;Erica Jankovich
O Is for Old Dominion,Pamela Duncan Edwards;Troy Howell
The Age of Access,Jeremy Rifkin
Think and Grow Rich,Napoleon Hill;Arthur R. Pell
Fear of Fifty,Erica Jong
This Is Berlin,William L. Shirer;John Keegan
The Various Haunts of Men,Susan Hill
Frankenstein,Mary Shelley
The Aristotle's Ethics,Aristotle
It's Easy Being Green,Crissy Trask
On the Lines of Morris' Romances,William Morris;Michale W. Perry
Tolkien and C.S. Lewis,Colin Duriez
Farewell to Salonica,Leon Sciaky
Creative Correction,Lisa Whelchel
An Episode of Sparrows,Rumer Godden
A Savage War of Peace,Alistair Horne
The Wave in the Mind,Ursula K. Le Guin
Healing Emotions,Daniel Goleman
Lovingkindness,Sharon Salzberg;Jon Kabat-Zinn
The Changeling,Kate Horsley
Making a Change for Good,Cheri Huber
Writing Down the Bones,Natalie Goldberg
The Blazing Center Study Guide,John Piper;Desiring God
Sense and Sensuality,Ravi Zacharias
Joel on Software,Avram Joel Spolsky
The Career Programmer,Christopher Duncan
Hardball,George Stalk;Robert Lachenauer;John Butman
"From Baghdad, with Love",Jay Kopelman;Melinda Roth
"Here, There and Everywhere",Geoff Emerick;Howard Massey
Natural Theology,Emil Brunner;Karl Barth
Drop the Rock,Bill P.;Todd W.;Sara S.
Eden,Hiroki Endo
The Sillymarillion,D. R. Lloyd
The Nature of Play,Anthony D. Pellegrini;Peter K. Smith
Seabiscuit,B. K. Beckwith
The War of the World,Niall Ferguson
Plan B,Anne Lamott
Everything Bad is Good for You,Steven Johnson
The Ghost Map,Steven Johnson
How to be a Perfect Stranger,Stuart M. Matlins;Arthur J. Magida
New Rules,Bill Maher
An Inconvenient Truth,Al Gore
So Yesterday,Scott Westerfeld
Coffin,Yoshitaka Amano;Robert Simpson
Active Literacy Across the Curriculum,Heidi Hayes Jacobs
"I, Robot",Harlan Ellison;Isaac Asimov
Marilyn Manson,Richard D. Nelson
The Drift House,Dale Peck
Vegas Bites,L. A. Banks;J. M. Jeffries;Seressia Glass;Natalie Dunbar
Planet of the Apes,Ian Edginton;Paco Medina;Adrian Sibar
Jean Rhys,Carl Plasa
Divine Filth,Georges Bataille
Beowulf & Grendel,John Grigsby
Laughter and Tears,Ann Hewetson
Red Road From Stalingrad,Mansur Abdulin
There is Always Enough,Rolland Baker;Heidi Baker
Death,Neil Gaiman
The History of Tom Jones,Henry Fielding
A Scandalous Life,Mary S. Lovell
Galileo's Daughter,Dava Sobel
The Prime of Miss Jean Brodie,Muriel Spark;Frank Kermode
Magic Kingdom for Sale,Terry Brooks
Otherland,Tad Williams
Snapshots From Hell,Peter Robinson
No One Left to Lie to,Christopher Hitchens
Blaming the Victims,Edward W. Said;Christopher Hitchens
Unacknowledged Legislation,Christopher Hitchens
"Mary, Queen of Scots",Jenny Wormald
'Photos of the Gods',Christopher Pinney
Call of the Mall,Paco Underhill
Talk to the Hand,Lynne Truss
Out of Place,Edward W. Said
Plato on Rhetoric and Language,Plato;Jean Nienkamp
Harrington on Hold 'em,Dan Harrington;Bill Robertie
The Jungle,Upton Sinclair;Kathleen De Grave
Through a Brazen Mirror,Delia Sherman
Blood Lines,Richard Matheson;Mark Dawidziak
To America with Love,Abbie Hoffman
Teach Them Diligently,Louis Paul Priolo
The Mistress Manual,Mistress Lorelei;Lorelei Powers
The Mistress Manual,Mistress
Open City 6,Thomas Beller;James Purdy;Strawberry Saroyan;Debra Garrison;Michael Cunningham
Mother's Milk,Edward St. Aubyn
Lands of Promise and Despair,Rose Marie Beebe;Robert M. Senkewicz
The Diamond Color Meditation,John Diamond
The Devil's in the Details,Mary Jane Maffini
"Acme Novelty Datebook, Volume One",Chris Ware
King Henry IV Part 1,William Shakespeare;David Scott Kastan
Three Men in a Boat,Jerome K. Jerome
Aquinas's Shorter Summa,Saint Thomas (Aquinas)
Beloved Bride,William Potter
The Irish Anatomist,Keith Donohue
Answers to Questions Teachers Ask about Sensory Integration,Carol Stock Kranowitz;Stacey Szklut;Lynn Balzer-Martin;Elizabeth Haber;Deanna Iris Sava
Way of the Peaceful Warrior,Dan Millman
The Anthology at the End of the Universe,Glenn Yeffeth
Mapping the World of Harry Potter,Mercedes Lackey;Leah Wilson
Insights,Frederick Lenz
How to Meditate,Frederick Lenz
There's No Toilet Paper... on the Road Less Traveled,Doug Lansky
Timothy McSweeney's,Dave Eggers
How We are Hungry,Dave Eggers
Erotica,Kelly Carr
Zero Debt,Lynnette Khalfani
Under The Influence,Preston Peet
Real Rule of Four,Joscelyn Godwin
Design Like You Give a Damn,Architecture for Humanity (Organization)
The Best of America's Test Kitchen 2007,America's Test Kitchen
The Art of Richard P. Feynman,Richard Phillips Feynman
Basics Illustration 01,Mark Wigan
Joseph Cornell,Joseph Cornell;Alison Baverstock
C.G. Jung and Hermann Hesse,Miguel Serrano
I Am that,Sri Nisargadatta Maharaj;Sudhakar S. Dikshit
'I'm Telling You Stories',Helena Grice;Tim Woods
